sprint_id	title	status	created_at	updated_at
001	Realtime Pipeline Status Updates	completed	2026-02-25T22:09:24Z	2026-02-25T22:12:03Z
002	Pipeline Iteration	completed	2026-02-26T05:30:53Z	2026-02-26T05:40:39Z
003	Pipeline Run Export / Import	completed	2026-02-26T05:54:27Z	2026-02-26T06:00:55Z
004	Dashboard Tab	completed	2026-02-26T07:40:03Z	2026-02-26T07:56:08Z
005	Pipeline Version History	completed	2026-02-26T16:44:39Z	2026-02-26T17:01:09Z
006	Pipeline History Navigation	completed	2026-02-26T17:17:58Z	2026-02-26T17:39:09Z
007	Intelligent Failure Diagnosis and Self-Healing	completed	2026-02-26T19:44:37Z	2026-02-26T20:03:44Z
008	Performance Optimization	completed	2026-02-26T23:11:12Z	2026-02-26T23:15:37Z
009	Critical Path Test Coverage	completed	2026-02-26T23:26:01Z	2026-02-26T23:32:00Z
010	Full-Featured RESTful API (v1)	completed	2026-02-27T17:33:14Z	2026-02-27T17:53:27Z
011	AI Provider Execution Mode & Per-Provider Toggles	in_progress	2026-02-27T18:02:28Z	2026-02-27T18:03:16Z
